timestamp,equity
2024-01-02,2500.0
2024-01-03,2500.0
2024-01-04,2500.0
2024-01-05,2500.0
2024-01-08,2500.0
2024-01-09,2500.0
2024-01-10,2500.0
2024-01-11,2500.0
2024-01-12,2500.0
2024-01-16,2500.0
2024-01-17,2500.0
2024-01-18,2500.0
2024-01-19,2500.0
2024-01-22,2500.0
2024-01-23,2500.0
2024-01-24,2500.0
2024-01-25,2500.0
2024-01-26,2500.0
2024-01-29,2500.0
2024-01-30,2500.0
2024-01-31,2500.0
2024-02-01,2500.0
2024-02-02,2500.0
2024-02-05,2500.0
2024-02-06,2500.0
2024-02-07,2500.0
2024-02-08,2500.0
2024-02-09,2500.0
2024-02-12,2500.0
2024-02-13,2500.0
2024-02-14,2500.0
2024-02-15,2500.0
2024-02-16,2500.0
2024-02-20,2500.0
2024-02-21,2500.0
2024-02-22,2500.0
2024-02-23,2500.0
2024-02-26,2500.0
2024-02-27,2500.0
2024-02-28,2500.0
2024-02-29,2500.0
2024-03-01,2500.0
2024-03-04,2500.0
2024-03-05,2500.0
2024-03-06,2500.0
2024-03-07,2500.0
2024-03-08,2500.0
2024-03-11,2500.0
2024-03-12,2500.0
2024-03-13,2500.0
2024-03-14,2500.0
2024-03-15,2500.0
2024-03-18,2500.0
2024-03-19,2500.0
2024-03-20,2500.0
2024-03-21,2500.0
2024-03-22,2500.0
2024-03-25,2500.0
2024-03-26,2500.0
2024-03-27,2500.0
2024-03-28,2500.0
2024-04-01,2500.0
2024-04-02,2500.0
2024-04-03,2500.0
2024-04-04,2500.0
2024-04-05,2500.0
2024-04-08,2500.0
2024-04-09,2500.0
2024-04-10,2500.0
2024-04-11,2500.0
2024-04-12,2500.0
2024-04-15,2500.0
2024-04-16,2500.0
2024-04-17,2500.0
2024-04-18,2500.0
2024-04-19,2500.0
2024-04-22,2500.0
2024-04-23,2500.0
2024-04-24,2500.0
2024-04-25,2500.0
2024-04-26,2500.0
2024-04-29,2500.0
2024-04-30,2500.0
2024-05-01,2500.0
2024-05-02,2500.0
2024-05-03,2500.0
2024-05-06,2500.0
2024-05-07,2500.0
2024-05-08,2500.0
2024-05-09,2500.0
2024-05-10,2500.0
2024-05-13,2500.0
2024-05-14,2500.0
2024-05-15,2500.0
2024-05-16,2500.0
2024-05-17,2500.0
2024-05-20,2500.0
2024-05-21,2500.0
2024-05-22,2500.0
2024-05-23,2500.0
2024-05-24,2500.0
2024-05-28,2500.0
2024-05-29,2500.0
2024-05-30,2500.0
2024-05-31,2500.0
2024-06-03,2500.0
2024-06-04,2500.0
2024-06-05,2500.0
2024-06-06,2500.0
2024-06-07,2500.0
2024-06-10,2500.0
2024-06-11,2500.0
2024-06-12,2500.0
2024-06-13,2500.0
2024-06-14,2500.0
2024-06-17,2500.0
2024-06-18,2500.0
2024-06-20,2500.0
2024-06-21,2500.0
2024-06-24,2500.0
2024-06-25,2500.0
2024-06-26,2500.0
2024-06-27,2500.0
2024-06-28,2500.0
2024-07-01,2500.0
2024-07-02,2500.0
2024-07-03,2500.0
2024-07-05,2500.0
2024-07-08,2500.0
2024-07-09,2500.0
2024-07-10,2500.0
2024-07-11,2500.0
2024-07-12,2500.0
2024-07-15,2500.0
2024-07-16,2500.0
2024-07-17,2500.0
2024-07-18,2500.0
2024-07-19,2500.0
2024-07-22,2500.0
2024-07-23,2500.0
2024-07-24,2500.0
2024-07-25,2500.0
2024-07-26,2500.0
2024-07-29,2500.0
2024-07-30,2500.0
2024-07-31,2500.0
2024-08-01,2500.0
2024-08-02,2500.0
2024-08-05,2500.0
2024-08-06,2500.0
2024-08-07,2500.0
2024-08-08,2500.0
2024-08-09,2500.0
2024-08-12,2500.0
2024-08-13,2500.0
2024-08-14,2500.0
2024-08-15,2500.0
2024-08-16,2500.0
2024-08-19,2500.0
2024-08-20,2500.0
2024-08-21,2500.0
2024-08-22,2500.0
2024-08-23,2500.0
2024-08-26,2500.0
2024-08-27,2500.0
2024-08-28,2500.0
2024-08-29,2500.0
2024-08-30,2500.0
2024-09-03,2500.0
2024-09-04,2500.0
2024-09-05,2500.0
2024-09-06,2500.0
2024-09-09,2500.0
2024-09-10,2500.0
2024-09-11,2500.0
2024-09-12,2500.0
2024-09-13,2500.0
2024-09-16,2500.0
2024-09-17,2500.0
2024-09-18,2500.0
2024-09-19,2500.0
2024-09-20,2500.0
2024-09-23,2500.0
2024-09-24,2500.0
2024-09-25,2500.0
2024-09-26,2500.0
2024-09-27,2500.0
2024-09-30,2500.0
2024-10-01,2500.0
2024-10-02,2500.0
2024-10-03,2500.0
2024-10-04,2500.0
2024-10-07,2500.0
2024-10-08,2500.0
2024-10-09,2500.0
2024-10-10,2500.0
2024-10-11,2500.0
2024-10-14,2500.0
2024-10-15,2500.0
2024-10-16,2500.0
2024-10-17,2500.0
2024-10-18,2500.0
2024-10-21,2508.4493970842
2024-10-22,2502.0146145155286
2024-10-23,2480.1208519412044
2024-10-24,2484.037526045351
2024-10-25,2506.6692757390674
2024-10-28,2491.439013684846
2024-10-29,2486.009377112951
2024-10-30,2467.1661162595005
2024-10-31,2423.8553652922783
2024-11-01,2424.4209156447696
2024-11-04,2416.4100546940153
2024-11-05,2424.899650036804
2024-11-06,2497.2694302854543
2024-11-07,2517.249215470124
2024-11-08,2529.560445909855
2024-11-11,2547.843786132901
2024-11-12,2549.215951977069
2024-11-13,2573.563386349629
2024-11-14,2529.4671709918784
2024-11-15,2567.655993447096
2024-11-18,2526.7998845963143
2024-11-19,2548.8550345391777
2024-11-20,2554.700033962133
2024-11-21,2732.884803713978
2024-11-22,2726.547367779795
2024-11-25,2696.003500120292
2024-11-26,2719.1984319532453
2024-11-27,2716.6473145286504
2024-11-29,2729.2191987453384
2024-12-02,2723.5380930834385
2024-12-03,2751.8361586281644
2024-12-04,2778.610979878368
2024-12-05,2765.725454057125
2024-12-06,2775.1808140215526
2024-12-09,2758.9020710285913
2024-12-10,2757.7327982239185
2024-12-11,2799.915916099243
2024-12-12,2783.3812412181805
2024-12-13,2793.9330675791107
2024-12-16,2874.5900018837356
2024-12-17,2893.5206939209097
2024-12-18,2791.5486027401807
2024-12-19,2804.703359195375
2024-12-20,2805.626016389967
2024-12-23,2807.619187466724
2024-12-24,2818.2801836332046
2024-12-26,2822.984696272467
2024-12-27,2812.4131571595694
2024-12-30,2789.7702989109625
2024-12-31,2789.7702989109625
2025-01-02,2789.7702989109625
2025-01-03,2805.697757266978
2025-01-06,2823.4107479450686
2025-01-07,2794.865364355668
2025-01-08,2794.865364355668
2025-01-10,2794.865364355668
2025-01-13,2795.8784112617554
2025-01-14,2794.193265439152
2025-01-15,2817.392972526516
2025-01-16,2821.3491213354864
2025-01-17,2831.424946184763
2025-01-21,2830.370236706647
2025-01-22,2892.379328542559
2025-01-23,2873.8110086858824
2025-01-24,2851.8793438734465
2025-01-27,2812.6977911992935
2025-01-28,2861.8634202372973
2025-01-29,2852.195753785311
2025-01-30,2865.0825491032565
2025-01-31,2853.9818752966657
2025-02-03,2869.328243661459
2025-02-04,3017.1221703116157
2025-02-05,3024.6709082088114
2025-02-06,3110.0059658155715
2025-02-07,3097.297979627596
2025-02-10,3135.487397192541
2025-02-11,3097.507878017933
2025-02-12,3152.2487309884573
2025-02-13,3173.457432964293
2025-02-14,3232.74113896892
2025-02-18,3318.3998787187465
2025-02-19,3304.8879981652376
2025-02-20,3264.0199078889536
2025-02-21,3226.7586029834965
2025-02-24,3198.9450934119136
2025-02-25,3198.9450934119136
2025-02-26,3208.206319153467
2025-02-27,3202.724147734881
2025-02-28,3211.334203626309
2025-03-03,3202.994585737175
2025-03-04,3192.609124710008
2025-03-05,3202.994585737175
2025-03-06,3193.5552895509263
2025-03-07,3183.481074383478
2025-03-10,3183.481074383478
2025-03-11,3183.481074383478
2025-03-12,3183.481074383478
2025-03-13,3183.481074383478
2025-03-14,3183.481074383478
2025-03-17,3183.481074383478
2025-03-18,3183.481074383478
2025-03-19,3183.481074383478
2025-03-20,3183.481074383478
2025-03-21,3183.481074383478
2025-03-24,3183.481074383478
2025-03-25,3179.7781263704005
2025-03-26,3158.481074383478
2025-03-27,3158.481074383478
2025-03-28,3158.481074383478
2025-03-31,3158.481074383478
2025-04-01,3158.481074383478
2025-04-02,3158.481074383478
2025-04-03,3158.481074383478
2025-04-04,3158.481074383478
2025-04-07,3158.481074383478
2025-04-08,3158.481074383478
2025-04-09,3158.481074383478
2025-04-10,3158.481074383478
2025-04-11,3158.481074383478
2025-04-14,3158.481074383478
2025-04-15,3158.481074383478
2025-04-16,3158.481074383478
2025-04-17,3158.481074383478
2025-04-21,3158.481074383478
2025-04-22,3158.481074383478
2025-04-23,3158.481074383478
2025-04-24,3158.481074383478
2025-04-25,3158.481074383478
2025-04-28,3158.481074383478
2025-04-29,3158.481074383478
2025-04-30,3158.481074383478
2025-05-01,3158.481074383478
2025-05-02,3158.481074383478
2025-05-05,3158.481074383478
2025-05-06,3158.481074383478
2025-05-07,3158.481074383478
2025-05-08,3158.481074383478
2025-05-09,3158.481074383478
2025-05-12,3158.481074383478
2025-05-13,3158.481074383478
2025-05-14,3158.481074383478
2025-05-15,3158.481074383478
2025-05-16,3158.481074383478
2025-05-19,3158.481074383478
2025-05-20,3158.481074383478
2025-05-21,3158.481074383478
2025-05-22,3158.481074383478
2025-05-23,3158.481074383478
2025-05-27,3158.481074383478
2025-05-28,3158.481074383478
2025-05-29,3158.481074383478
2025-05-30,3158.481074383478
2025-06-02,3158.481074383478
2025-06-03,3158.481074383478
2025-06-04,3158.481074383478
2025-06-05,3158.481074383478
2025-06-06,3158.481074383478
2025-06-09,3158.481074383478
2025-06-10,3158.481074383478
2025-06-11,3158.481074383478
2025-06-12,3158.481074383478
2025-06-13,3158.481074383478
2025-06-16,3158.481074383478
2025-06-17,3158.481074383478
2025-06-18,3158.481074383478
2025-06-20,3158.481074383478
2025-06-23,3158.481074383478
2025-06-24,3158.481074383478
2025-06-25,3158.481074383478
2025-06-26,3158.481074383478
2025-06-27,3158.481074383478
2025-06-30,3158.481074383478
2025-07-01,3158.481074383478
2025-07-02,3158.481074383478
2025-07-03,3157.1524520525704
2025-07-07,3145.284932925624
2025-07-08,3145.284932925624
2025-07-09,3145.546479381024
2025-07-10,3147.401294874049
2025-07-11,3155.8574896252976
2025-07-14,3150.5941207564397
2025-07-15,3166.2992488446052
2025-07-16,3179.081294114131
2025-07-17,3199.171306841868
2025-07-18,3176.191365851619
2025-07-21,3162.7470731951234
2025-07-22,3113.0907280044585
2025-07-23,3143.5639997973826
2025-07-24,3147.4565547308684
2025-07-25,3165.9580582799404
2025-07-28,3179.130004479397
2025-07-29,3156.727611712427
2025-07-30,3169.610699331586
2025-07-31,3052.964464874952
2025-08-01,2992.9833538610333
2025-08-04,3017.3861985649164
2025-08-05,2998.697977635944
2025-08-06,3046.7441326754924
2025-08-07,3033.575638001944
2025-08-08,3070.059916433812
2025-08-11,3044.578394634702
2025-08-12,3082.810126582309
2025-08-13,3056.2785334101877
2025-08-14,3038.6422089353264
2025-08-15,3010.336738613778
2025-08-18,2985.1956989900345
2025-08-19,2994.070202073585
2025-08-20,2976.808260416614
2025-08-21,2971.773392639418
2025-08-22,2990.5794692580093
2025-08-25,2998.041774536599
2025-08-26,3001.1670713077256
2025-08-27,3004.938572809808
2025-08-28,2998.8665831692697
2025-08-29,2989.3620539610783
2025-09-02,2972.873956646253
2025-09-03,2941.552401087358
2025-09-04,2931.6515891703452
2025-09-05,2947.5636347154114
2025-09-08,2953.7229037460884
2025-09-09,2965.286234200804
2025-09-10,3012.6170976956882
2025-09-11,3051.975301594218
2025-09-12,3111.4306205119137
2025-09-15,3155.5567117844494
2025-09-16,3156.593858273175
2025-09-17,3153.9718888127754
2025-09-18,3188.6460988559274
2025-09-19,3183.102186774808
2025-09-22,3182.331780919667
2025-09-23,3168.217153852952
2025-09-24,3162.2616939010018
2025-09-25,3118.2988863531846
2025-09-26,3116.1839717901967
2025-09-29,3118.3857970631097
2025-09-30,3142.3687130186827
2025-10-01,3155.3942887929825
2025-10-02,3173.8710358496264
2025-10-03,3165.2233261418182
2025-10-06,3193.731343769366
2025-10-07,3171.928294058799
2025-10-08,3265.2016080201392
2025-10-09,3260.5344873966483
2025-10-10,3116.2760500019285
2025-10-13,3125.3713980444036
2025-10-14,3140.5419463164226
2025-10-15,3163.1180534739406
2025-10-16,3150.6346551487904
2025-10-17,3116.877823117905
2025-10-20,3165.302691397874
2025-10-21,3126.0703792426752
2025-10-22,3061.283382198555
2025-10-23,3075.962480201914
2025-10-24,3113.9031319121814
2025-10-27,3123.0691415775855
2025-10-28,3127.7726268172855
2025-10-29,3149.2392133336366
2025-10-30,3110.153591333478
2025-10-31,3114.9832313917786
2025-11-03,3142.6329944447916
2025-11-04,3016.771498642748
2025-11-05,3005.1195197164875
2025-11-06,2998.2344600625433
2025-11-07,2983.072942527318
2025-11-10,3041.9262445034283
2025-11-11,3035.0051018209097
2025-11-12,3051.9096169178174
2025-11-13,3023.17770515376
2025-11-14,3020.3843481285526
2025-11-17,3009.458356779362
2025-11-18,3006.6162788020342
2025-11-19,3017.3462056724034
2025-11-20,3013.883013288519
2025-11-21,3010.572438886117
2025-11-24,3025.273716044912
2025-11-25,3055.046982660536
2025-11-26,3062.6535655099997
2025-11-28,3054.1791846638907
2025-12-01,3019.3953819093304
2025-12-02,3020.6517016600096
2025-12-03,3019.1370388986534
2025-12-04,3022.7796364355895
2025-12-05,3028.8965278256137
2025-12-08,3003.412424185628
2025-12-09,3001.7251329770206
2025-12-10,3019.610822595584
2025-12-11,3030.3246911048855
2025-12-12,2981.515149924442
2025-12-15,2988.1633493701383
2025-12-16,2992.1059293046783
2025-12-17,2968.176446472037
2025-12-18,2978.580048986305
2025-12-19,2988.370449859185
2025-12-22,3000.6357750843636
2025-12-23,3001.097729476339
2025-12-24,3024.6477874703014
2025-12-26,2998.52273469184
2025-12-29,2979.1378996543917
2025-12-30,2963.089508343968
