timestamp,symbol,side,qty,notional,entry_price,exit_price,realized_pl,realized_pl_percent,entry_score,entry_reason,exit_reason,atr_at_entry,atr_at_exit,ema20,ema50,macd,macd_signal,macd_histogram,relative_strength_score,volume_ratio,holding_duration,order_id
2026-02-17 14:55:43.382593+00:00,SPY,buy,1.0,677.23,677.23,,,,,,,,,,,,,,,,,ce13bead-6b48-4845-843c-f55389dcce01
2026-02-18 15:05:28.786137+00:00,SPY,sell,1.0,687.68,677.23,687.68,10.449999999999932,0.0154305036693589,,,,,,,,,,,,,,18021289-4d31-4de4-948e-59e8578d1899
2026-02-18 19:36:23.035132+00:00,SPY,buy,1.0,685.16,685.16,,,,,,,,,,,,,,,,,62b9265f-71dc-418c-8619-aa80ad7e5fdd
2026-02-20 15:11:08.507765+00:00,SPY,sell,1.0,687.74,685.16,687.74,2.580000000000041,0.0037655438145836,,,,,,,,,,,,,,b2ead630-97a0-4653-95f3-4e93d982ff44
2026-02-23 16:05:59.209064+00:00,SPY,buy,1.0,681.27,681.27,,,,,,,,,,,,,,,,,b115b20c-d5ef-4a46-98d5-473dbc127b47
2026-03-25 13:32:45.862825+00:00,SPY,sell,1.0,660.02,681.27,660.02,-21.25,-0.0311917448295095,,,,,,,,,,,,,,9d868116-184d-403d-9893-a10fb31a4060
2026-03-25 16:04:06.722253+00:00,SPY,buy,1.0,656.53,656.53,,,,,,,,,,,,,,,,,90621e3a-d1a6-4606-9678-908f58163863
2026-03-25 19:03:18.539549+00:00,AAPL,buy,1.0,252.46,252.46,,,,,,,,,,,,,,,,,dd58409e-627d-491f-a350-a219c1ba8f07
2026-03-26 13:32:42.865391+00:00,QQQ,buy,1.0,581.18,581.18,,,,,,,,,,,,,,,,,b450d45b-0de1-448e-9f3d-b2eeb6f3cd32
2026-03-26 19:54:58.975356+00:00,SPY,sell,1.0,645.01,656.53,645.01,-11.519999999999982,-0.0175467990800115,,,,,,,,,,,,,,51487670-33e5-4f2c-85f5-52e444eee3d1
2026-03-27 13:30:13.096774+00:00,QQQ,sell,1.0,570.7,581.18,570.7,-10.479999999999905,-0.0180322791561993,,,,,,,,,,,,,,a5ffc456-94fa-42e5-8ae4-1f4bbce3e27c
2026-03-27 13:33:29.665350+00:00,QQQ,buy,1.0,569.34,569.34,,,,,,,,,,,,,,,,,cde4faad-c00d-4eab-aac4-f203d00dfb2b
2026-03-27 13:33:38.548985+00:00,SPY,buy,1.0,641.04,641.04,,,,,,,,,,,,,,,,,9dd8f893-11d6-4ff0-99c6-7867aec81396
2026-03-27 13:38:17.319389+00:00,QQQ,sell,1.0,569.37,569.34,569.37,0.0299999999999727,5.269259142148819e-05,,,,,,,,,,,,,,93cd55b1-fc1a-4436-8724-29ff6d862e65
2026-03-27 13:43:22.139474+00:00,QQQ,buy,1.0,569.3,569.3,,,,,,,,,,,,,,,,,896f7e5f-0bba-43c5-b0e3-00f26d72369a
2026-03-27 17:20:16.009738+00:00,AAPL,sell,1.0,251.32,252.46,251.32,-1.1400000000000148,-0.004515566822467,,,,,,,,,,,,,,ba4148a3-3b15-4c9f-ad95-f8072c8058f7
2026-03-27 17:30:19.942218+00:00,AAPL,buy,1.0,250.48,250.48,,,,,,,,,,,,,,,,,f4647c96-6c01-4af8-8aaf-f22a23026685
2026-03-30 18:58:59.080926+00:00,QQQ,sell,1.0,557.85,569.3,557.85,-11.449999999999932,-0.0201124187598804,,,,,,,,,,,,,,ca033145-35e5-41fb-add8-0db47bbd9420
2026-03-30 18:59:00.359876+00:00,TSLA,buy,1.0,354.73,354.73,,,,,,,,,,,,,,,,,72068bfa-e3b3-4658-bc94-7016a20202b4
2026-03-31 13:31:07.528179+00:00,AAPL,sell,1.0,248.46,250.48,248.46,-2.019999999999982,-0.0080645161290321,,,,,,,,,,,,,,856de05a-daa6-4b44-a866-e2bc77684f8d
2026-03-31 13:32:20.035866+00:00,SPY,sell,1.0,639.06,641.04,639.06,-1.9800000000000184,-0.0030887308124298,,,,,,,,,,,,,,535c8470-7dc1-42b0-8de4-a64a5854f824
2026-03-31 14:29:33.745945+00:00,TSLA,sell,1.0,365.82,354.73,365.82,11.089999999999977,0.0312632142756461,,,,,,,,,,,,,,b5887117-576f-4783-86ad-3fba8ab0a6c9
2026-04-02 13:31:42.450491+00:00,SPY,buy,1.0,647.25,647.25,,,,,,,,,,,,,,,,,a85f7ffb-0c77-499e-9233-4b9175cc85d2
2026-04-02 13:44:39.725663+00:00,QQQ,buy,1.0,572.69,572.69,,,,,,,,,,,,,,,,,84a19ce4-8706-42db-b892-650917cf92fe
2026-04-02 13:44:43.293514+00:00,AAPL,buy,1.0,250.79,250.79,,,,,,,,,,,,,,,,,c03af80f-813e-4993-a5c5-a2803bd6327e
2026-04-06 15:20:19.102156+00:00,TSLA,buy,5.0,1770.81,354.162,,,,,,,,,,,,,,,,,b4970122-d8f3-4695-8a80-720a781ddd8e
2026-04-07 17:41:57.989122+00:00,TSLA,sell,5.0,1715.15,354.162,343.03,-55.660000000000025,-0.0314319435738447,,,,,,,,,,,,,,fe5492b4-0552-47f8-9000-9d8d9d6b80c7
2026-04-13 19:25:25.222721+00:00,XLK,buy,2.0,290.12,145.06,,,,,,,,,,,,,,,,,3ca21435-d35b-49f7-a956-cadbbdcc75fd
2026-04-13 19:25:29.828786+00:00,XLF,buy,5.0,257.4,51.48,,,,,,,,,,,,,,,,,43caf72b-6095-4d86-8221-1970df4d6c03
2026-04-13 19:54:41.976610+00:00,IWM,buy,1.0,265.33,265.33,,,,,,,,,,,,,,,,,d089993c-d15f-481b-9d45-daf98bf99820
2026-04-14 13:35:53.119077+00:00,NFLX,buy,2.0,209.56,104.78,,,,,,,,,,,,,,,,,dbd42418-cca3-4d36-8f5b-122bd91381f0
2026-04-14 14:35:30.232593+00:00,NVDA,buy,1.0,192.86,192.86,,,,,,,,,,,,,,,,,3f05463e-56a9-49e8-b80e-011e3a0bac52
2026-04-17 13:32:31.892696+00:00,NFLX,sell,2.0,194.39,104.78,97.195,-15.170000000000016,-0.0723897690398931,,,,,,,,,,,,,,a5eefe40-d836-4ba7-925d-ae3a62272d6c
2026-04-17 13:37:09.544108+00:00,AMD,buy,1.0,276.8,276.8,,,,,,,,,,,,,,,,,4c5e9d5a-0f9f-4438-b6d8-d334f38f98a5
2026-04-20 15:09:22.536298+00:00,AMD,sell,1.0,273.74,276.8,273.74,-3.0600000000000023,-0.0110549132947976,,,,,,,,,,,,,,5e093369-d8e6-4fd5-a6eb-5f1ef7e839d4
2026-04-20 15:10:37.903090+00:00,XLRE,buy,6.0,267.54,44.59,,,,,,,,,,,,,,,,,e258a414-0ff0-4833-b603-3c21f1374eb1
2026-07-15 13:32:11.576567+00:00,IWM,sell,1.0,296.0,265.33,296.0,30.670000000000016,0.1155919044209099,,momentum_entry,ema20_momentum_fade,,4.609355310336096,294.9776484262626,288.73619820704187,1.7934673226994846,2.715834813309904,-0.9223674906104192,,,,149b617c-d3e2-48e2-9864-c82371fd52aa
2026-07-15 13:32:13.417536+00:00,XLK,sell,2.0,369.36,145.06,184.68,79.24000000000001,0.2731283606783401,,momentum_entry,ema20_momentum_fade,,5.181806717458824,183.97707334871905,178.84258305424788,0.4280381977850425,0.8695785507717313,-0.4415403529866888,,,,eb595eb2-f78b-4b74-8081-3623a46a7f3b
2026-07-15 15:08:28.340185+00:00,QQQ,sell,1.0,715.99,572.69,715.99,143.29999999999995,0.2502226335364681,,momentum_entry,ema20_momentum_fade,,15.18691398070438,718.9685011193163,706.209473086135,0.6149977032017659,2.119898703719914,-1.504901000518148,,,,309c2167-3e58-4f3b-a8c0-2d8d5b51bbff
2026-07-17 13:33:39.331472+00:00,SPY,sell,1.0,741.58,647.25,741.58,94.33000000000004,0.1457396678254152,,momentum_entry,atr_trailing_stop,,8.434884610976608,746.6930376187638,738.0003615557124,2.675024773264795,2.886938489967733,-0.2119137167029379,,,,abc61da5-83f7-475c-a364-01221e78f7ff
2026-07-17 13:37:32.492017+00:00,NVDA,sell,1.0,199.76,192.86,199.76,6.899999999999977,0.0357772477444777,,momentum_entry,atr_trailing_stop,,7.350720777507091,204.3315173427927,204.4110542015725,-0.1160161916264996,-1.101925797925328,0.9859096062988284,,,,122efbc5-f99c-42c9-a4ec-1a6f3cd79468
2026-07-21 13:41:49.225956+00:00,XLF,sell,5.0,278.75,51.48,55.75,21.350000000000016,0.082944832944833,,momentum_entry,atr_trailing_stop,,0.7049063806527294,55.2860966771694,53.91526506062881,0.8531916165814408,0.8988065186229987,-0.0456149020415578,,,,146c9e74-6626-4791-8c79-666427f314bc
2026-07-21 13:47:21.585320+00:00,AAPL,sell,1.0,322.68,250.79,322.68,71.89000000000001,0.286654172813908,,momentum_entry,atr_trailing_stop,,7.979052196142239,313.9786228937485,302.2588879073273,8.525864975555521,6.632614296024416,1.8932506795311053,,,,97d8fbbd-f9eb-4e68-bb73-aa98872c7f71
