timestamp,symbol,side,qty,notional,entry_price,entry_score,entry_reason,atr_at_entry,exit_price,realized_pl,realized_pl_percent,exit_reason,atr_at_exit,holding_days,market_regime
2024-10-21,NFLX,buy,6.529461234761211,500.0,76.57599639892578,59.1644,momentum_entry,2.021433528885804,,,,,,,
2024-10-21,AAPL,buy,2.132650912810126,500.0,234.4499969482422,15.9845,momentum_entry,4.371761886398642,,,,,,,
2024-10-23,AAPL,sell,2.132650912810126,490.87484550240777,234.4499969482422,15.9845,momentum_entry,4.371761886398642,230.17121206001673,-9.125154497592199,-0.018250308995184428,protective_stop,4.484009373003046,2.0,bullish
2024-10-24,WMT,buy,6.027001030832742,500.0,82.95999908447266,15.6204,momentum_entry,1.1348868255318083,,,,,,,
2024-10-25,TSLA,buy,1.9530486345348206,500.0,256.010009765625,55.684,momentum_entry,11.297158013478155,,,,,,,
2024-10-30,WMT,sell,6.027001030832742,491.803274919478,82.95999908447266,15.6204,momentum_entry,1.1348868255318083,81.5999984741211,-8.196725080522025,-0.0163934501610441,macd_momentum_fade,1.0263178517230438,6.0,bullish
2024-10-30,MSFT,buy,1.1430138926697118,500.0,437.44000244140625,14.4225,momentum_entry,6.846373959422104,,,,,,,
2024-10-30,AMZN,buy,2.5680534557631085,500.0,194.6999969482422,11.1092,momentum_entry,3.817381252056402,,,,,,,
2024-10-31,TSLA,sell,1.9530486345348206,493.3068115288359,256.010009765625,55.684,momentum_entry,11.297158013478155,252.58296327389323,-6.693188471164086,-0.013386376942328138,protective_stop,11.03054805607949,6.0,bullish
2024-10-31,MSFT,sell,1.1430138926697118,474.7622337159239,437.44000244140625,14.4225,momentum_entry,6.846373959422104,415.3599853515625,-25.237766284076066,-0.05047553256815218,protective_stop,8.211261195201649,1.0,bullish
2024-10-31,AMZN,sell,2.5680534557631085,485.2951413255369,194.6999969482422,11.1092,momentum_entry,3.817381252056402,188.97392507015758,-14.704858674463138,-0.02940971734892628,protective_stop,4.144272529226486,1.0,bullish
2024-10-31,GOOGL,buy,2.8880031531128174,500.0,173.1300048828125,52.0784,momentum_entry,3.8332679801972835,,,,,,,
2024-11-04,AMZN,buy,2.5451769293319604,500.0,196.4499969482422,53.3909,momentum_entry,4.855396355961424,,,,,,,
2024-11-05,NFLX,sell,6.529461234761211,494.50875059990716,76.57599639892578,59.1644,momentum_entry,2.021433528885804,75.73500061035156,-5.491249400092797,-0.010982498800185647,macd_momentum_fade,1.5804622973262907,15.0,bullish
2024-11-05,CVX,buy,3.235617704974624,500.0,154.52999877929688,15.7327,momentum_entry,2.6233739482312743,,,,,,,
2024-11-06,PLTR,buy,9.356287665585812,500.0,53.439998626708984,86.6811,momentum_entry,2.0218301293096745,,,,,,,
2024-11-14,GOOGL,sell,2.8880031531128174,508.43404581493814,173.1300048828125,52.0784,momentum_entry,3.8332679801972835,176.05037766905673,8.434045814938198,0.01686809162987646,protective_stop,3.773572531599556,14.0,bullish
2024-11-14,SHOP,buy,4.3368895483516265,500.0,115.29000091552734,100.2533,momentum_entry,4.343055946976387,,,,,,,
2024-11-14,SHOP,sell,4.3368895483516265,474.99999999999994,115.29000091552734,100.2533,momentum_entry,4.343055946976387,109.52550086975097,-25.000000000000025,-0.050000000000000044,protective_stop,4.482123444730027,0.0,bullish
2024-11-15,AMZN,sell,2.5451769293319604,526.2407679276017,196.4499969482422,53.3909,momentum_entry,4.855396355961424,206.75999450683594,26.24076792760165,0.05248153585520332,protective_stop,5.307774317137683,11.0,bullish
2024-11-15,SNOW,buy,3.888327352356171,500.0,128.58999633789062,54.5594,momentum_entry,3.992919145009958,,,,,,,
2024-11-18,PLTR,sell,9.356287665585812,576.4359284868947,53.439998626708984,86.6811,momentum_entry,2.0218301293096745,61.60947045345074,76.43592848689468,0.15287185697378947,protective_stop,3.0698494151629343,12.0,bullish
2024-11-18,JPM,buy,2.018082059596609,500.0,247.75999450683594,47.9996,momentum_entry,5.286678847883459,,,,,,,
2024-11-19,NFLX,buy,5.95415312992339,500.0,83.9749984741211,57.53,momentum_entry,1.7629569870897566,,,,,,,
2024-11-20,JPM,sell,2.018082059596609,484.36863759142074,247.75999450683594,47.9996,momentum_entry,5.286678847883459,240.014341977868,-15.631362408579271,-0.03126272481715853,protective_stop,5.221356414649418,2.0,bullish
2024-11-20,WMT,buy,5.773672157158482,500.0,86.5999984741211,34.6345,momentum_entry,1.4232226147364062,,,,,,,
2024-11-21,UNH,buy,0.8333333333333334,500.0,600.0,17.0948,momentum_entry,13.859202443366755,,,,,,,
2024-11-25,UNH,sell,0.8333333333333334,497.9833475748698,600.0,17.0948,momentum_entry,13.859202443366755,597.5800170898438,-2.0166524251302085,-0.004033304850260433,macd_momentum_fade,13.734260997542439,4.0,bullish
2024-11-25,NFLX,sell,5.95415312992339,517.1745653238798,83.9749984741211,57.53,momentum_entry,1.7629569870897566,86.8594666678541,17.174565323879808,0.034349130647759685,protective_stop,2.0775443681420334,6.0,bullish
2024-11-25,CRWD,buy,5.333333333333333,500.0,93.75,74.3836,momentum_entry,2.8821266167229083,,,,,,,
2024-11-25,COST,buy,0.5128205128205128,500.0,975.0,40.644,momentum_entry,17.188777661825153,,,,,,,
2024-11-27,CRWD,sell,5.333333333333333,476.9429870662167,93.75,74.3836,momentum_entry,2.8821266167229083,89.42681007491564,-23.057012933783273,-0.04611402586756652,protective_stop,3.1227562003397304,2.0,bullish
2024-12-02,CVX,sell,3.235617704974624,525.1083756168242,154.52999877929688,15.7327,momentum_entry,2.6233739482312743,162.2899932861328,25.108375616824183,0.05021675123364844,macd_momentum_fade,2.505116632184802,27.0,bullish
2024-12-03,AAPL,buy,2.0849839668499768,500.0,239.80999755859375,29.3597,momentum_entry,3.6911735416190212,,,,,,,
2024-12-04,PLTR,buy,7.029383091617845,500.0,71.12999725341797,68.5569,momentum_entry,3.056735497397026,,,,,,,
2024-12-04,PLTR,sell,7.029383091617845,475.0,71.12999725341797,68.5569,momentum_entry,3.056735497397026,67.57349739074706,-25.000000000000043,-0.050000000000000044,protective_stop,3.116968785145732,0.0,bullish
2024-12-10,SNOW,sell,3.888327352356171,684.3009278770974,128.58999633789062,54.5594,momentum_entry,3.992919145009958,175.9885076194622,184.30092787709737,0.3686018557541948,protective_stop,7.338300534538654,25.0,bullish
2024-12-10,TSLA,buy,1.2733014396606352,500.0,392.67999267578125,66.9777,momentum_entry,16.94918404825268,,,,,,,
2024-12-10,AMZN,buy,2.2115087270502314,500.0,226.08999633789062,56.9659,momentum_entry,5.130477440168947,,,,,,,
2024-12-13,WMT,sell,5.773672157158482,540.3828611634227,86.5999984741211,34.6345,momentum_entry,1.4232226147364062,93.59430990438719,40.38286116342267,0.08076572232684542,protective_stop,1.4760041367441443,23.0,bullish
2024-12-13,COST,sell,0.5128205128205128,498.3846833276013,975.0,40.644,momentum_entry,17.188777661825153,971.8501324888226,-1.6153166723986545,-0.00323063334479734,protective_stop,17.066181219654506,18.0,bullish
2024-12-13,BA,buy,2.9761904761904763,500.0,168.0,66.9454,momentum_entry,5.093234612107792,,,,,,,
2024-12-13,GOOGL,buy,2.617664071929523,500.0,191.00999450683594,64.5433,momentum_entry,4.563567125610374,,,,,,,
2024-12-18,AAPL,sell,2.0849839668499768,517.221180768741,239.80999755859375,29.3597,momentum_entry,3.6911735416190212,248.0696201948095,17.221180768740954,0.034442361537481814,protective_stop,3.8164224692706505,15.0,bullish
2024-12-18,TSLA,sell,1.2733014396606352,574.9311491051085,392.67999267578125,66.9777,momentum_entry,16.94918404825268,451.52791883934503,74.93114910510853,0.14986229821021713,protective_stop,21.933898229893906,8.0,bullish
2024-12-18,AMZN,sell,2.2115087270502314,498.3780825178749,226.08999633789062,56.9659,momentum_entry,5.130477440168947,225.35659770270257,-1.6219174821251072,-0.0032438349642501807,protective_stop,5.496780093939681,8.0,bullish
2024-12-18,GOOGL,sell,2.617664071929523,495.9600195177798,191.00999450683594,64.5433,momentum_entry,4.563567125610374,189.46664120740272,-4.03998048222023,-0.008079960964440414,protective_stop,5.2235312486272125,5.0,bullish
2024-12-18,AVGO,buy,2.088467450615278,500.0,239.41000366210938,95.6589,momentum_entry,10.967751143651666,,,,,,,
2024-12-18,AVGO,sell,2.088467450615278,474.99999999999994,239.41000366210938,95.6589,momentum_entry,10.967751143651666,227.4395034790039,-25.000000000000032,-0.050000000000000044,protective_stop,11.685054241021971,0.0,bullish
2024-12-23,AAPL,buy,1.962554427974498,500.0,254.77000427246094,49.0605,momentum_entry,4.281354136400379,,,,,,,
2024-12-27,AAPL,sell,1.962554427974498,496.75739339702056,254.77000427246094,49.0605,momentum_entry,4.281354136400379,253.117766476271,-3.2426066029794143,-0.006485213205958851,protective_stop,4.079470484229945,4.0,bullish
2024-12-30,BA,sell,2.9761904761904763,515.2142882415811,168.0,66.9454,momentum_entry,5.093234612107792,173.11200084917124,15.214288241581066,0.030428576483162217,protective_stop,5.464715038868704,17.0,bullish
2025-01-03,NVDA,buy,3.571173627719753,500.0,140.00999450683594,11.6306,momentum_entry,5.036242634967304,,,,,,,
2025-01-07,NVDA,sell,3.571173627719753,505.0950654447055,140.00999450683594,11.6306,momentum_entry,5.036242634967304,141.4367146766863,5.0950654447054875,0.010190130889411009,protective_stop,5.885363312009486,4.0,bullish
2025-01-13,META,buy,0.823587580476229,500.0,607.0999755859375,21.0453,momentum_entry,17.461814627599015,,,,,,,
2025-01-14,JPM,buy,2.0604961363811003,500.0,242.66000366210938,17.9811,momentum_entry,4.429618865185627,,,,,,,
2025-01-15,META,sell,0.823587580476229,502.5613955788065,607.0999755859375,21.0453,momentum_entry,17.461814627599015,610.2100219726562,2.561395578806534,0.005122791157613049,ema20_momentum_fade,18.380109998882176,2.0,bullish
2025-01-21,CVX,buy,3.102699465947097,500.0,161.14999389648438,61.6749,momentum_entry,2.7610191395026478,,,,,,,
2025-01-22,CVX,sell,3.102699465947097,487.1500810855931,161.14999389648438,61.6749,momentum_entry,2.7610191395026478,157.0084651872304,-12.84991891440688,-0.0256998378288138,protective_stop,2.799653843873416,1.0,bullish
2025-01-22,ARM,buy,3.117790205297655,500.0,160.3699951171875,82.5931,momentum_entry,6.9248701842499125,,,,,,,
2025-01-22,SNOW,buy,2.8465699822037256,500.0,175.64999389648438,42.3854,momentum_entry,6.059158388061541,,,,,,,
2025-01-23,ARM,sell,3.117790205297655,521.6652981693308,160.3699951171875,82.5931,momentum_entry,6.9248701842499125,167.31892264044347,21.66529816933077,0.04333059633866165,protective_stop,9.051852355860138,1.0,bullish
2025-01-23,NVDA,buy,3.447087138781971,500.0,145.0500030517578,65.5147,momentum_entry,5.818641937413275,,,,,,,
2025-01-23,NFLX,buy,5.22024210688895,500.0,95.78099822998047,61.0864,momentum_entry,3.199608551162748,,,,,,,
2025-01-24,CAT,buy,1.2323466010919475,500.0,405.7300109863281,67.8023,momentum_entry,8.546301736029559,,,,,,,
2025-01-27,NVDA,sell,3.447087138781971,430.1964854396651,145.0500030517578,65.5147,momentum_entry,5.818641937413275,124.80000305175781,-69.80351456033492,-0.1396070291206698,protective_stop,7.1965905184991295,4.0,bullish
2025-01-27,CAT,sell,1.2323466010919475,487.12787902423753,405.7300109863281,67.8023,momentum_entry,8.546301736029559,395.28479941650124,-12.872120975762442,-0.025744241951524915,protective_stop,8.907269440222075,3.0,bullish
2025-01-27,META,buy,0.7979445136347015,500.0,626.6099853515625,50.8394,momentum_entry,17.35135743783665,,,,,,,
2025-01-27,WMT,buy,5.213764254894965,500.0,95.9000015258789,23.7162,momentum_entry,1.5465175401685036,,,,,,,
2025-01-30,SNOW,sell,2.8465699822037256,507.1412653906876,175.64999389648438,42.3854,momentum_entry,6.059158388061541,178.15872034105925,7.14126539068752,0.01428253078137498,protective_stop,6.593306614367928,8.0,bullish
2025-01-30,SHOP,buy,4.288532598894205,500.0,116.58999633789062,72.1936,momentum_entry,4.21077792480588,,,,,,,
2025-02-03,SHOP,sell,4.288532598894205,479.75815361710136,116.58999633789062,72.1936,momentum_entry,4.21077792480588,111.87000274658203,-20.241846382898636,-0.04048369276579733,protective_stop,4.42815915738838,4.0,bullish
2025-02-03,PLTR,buy,6.240249609984399,500.0,80.125,57.9969,momentum_entry,4.078448341121904,,,,,,,
2025-02-10,JPM,sell,2.0604961363811003,556.6596366708974,242.66000366210938,17.9811,momentum_entry,4.429618865185627,270.15805894621684,56.659636670897335,0.1133192733417947,protective_stop,4.644292802872076,27.0,bullish
2025-02-10,LLY,buy,0.5696512721748161,500.0,877.72998046875,69.3177,momentum_entry,23.306029344665177,,,,,,,
2025-02-14,LLY,sell,0.5696512721748161,481.27930696440706,877.72998046875,69.3177,momentum_entry,23.306029344665177,844.8665534037651,-18.72069303559292,-0.037441386071185856,protective_stop,22.630455547297156,4.0,bullish
2025-02-14,SMCI,buy,11.644155006772554,500.0,42.939998626708984,91.2564,momentum_entry,3.3601197379043364,,,,,,,
2025-02-18,META,sell,0.7979445136347015,566.9752706762463,626.6099853515625,50.8394,momentum_entry,17.35135743783665,710.5447321062817,66.97527067624624,0.1339505413524924,protective_stop,18.355631275631403,22.0,bullish
2025-02-18,WMT,sell,5.213764254894965,534.8772038535514,95.9000015258789,23.7162,momentum_entry,1.5465175401685036,102.58944933142682,34.87720385355128,0.06975440770710262,protective_stop,1.6364409604254726,22.0,bullish
2025-02-19,PLTR,sell,6.240249609984399,722.6084970986312,80.125,57.9969,momentum_entry,4.078448341121904,115.79801166005565,222.6084970986312,0.44521699419726235,protective_stop,6.664804441910308,16.0,bullish
2025-02-19,PANW,buy,2.401652308643984,500.0,208.19000244140625,74.7514,momentum_entry,6.548976419892662,,,,,,,
2025-02-19,SNOW,buy,2.6427061737045414,500.0,189.1999969482422,44.469,momentum_entry,6.832253108470794,,,,,,,
2025-02-20,SNOW,sell,2.6427061737045414,491.5433483090447,189.1999969482422,44.469,momentum_entry,6.832253108470794,186.0,-8.45665169095532,-0.01691330338191066,macd_momentum_fade,6.900309442958394,1.0,bullish
2025-02-20,NFLX,sell,5.22024210688895,532.8151502137196,95.78099822998047,61.0864,momentum_entry,3.199608551162748,102.0671339190541,32.815150213719555,0.065630300427439,protective_stop,2.606073223160255,28.0,bullish
2025-02-20,PANW,sell,2.401652308643984,476.6464988596856,208.19000244140625,74.7514,momentum_entry,6.548976419892662,198.46607152257138,-23.353501140314375,-0.04670700228062874,protective_stop,6.759576326684792,1.0,bullish
2025-02-24,SMCI,sell,11.644155006772554,625.0742581046401,42.939998626708984,91.2564,momentum_entry,3.3601197379043364,53.68137556920877,125.07425810464012,0.25014851620928025,protective_stop,4.925341116957467,10.0,bullish
2025-02-26,LLY,buy,0.5565635570172596,500.0,898.3699951171875,52.7286,momentum_entry,22.661163480466204,,,,,,,
2025-03-03,CVX,buy,3.1355824592256103,500.0,159.4600067138672,17.5243,momentum_entry,2.848755486099043,,,,,,,
2025-03-03,CVX,sell,3.1355824592256103,486.6012384007477,159.4600067138672,17.5243,momentum_entry,2.848755486099043,155.18687348471863,-13.398761599252301,-0.02679752319850459,protective_stop,3.2402730821673034,0.0,bullish
2025-03-07,LLY,sell,0.5565635570172596,497.93474257081664,898.3699951171875,52.7286,momentum_entry,22.661163480466204,894.6592645040452,-2.0652574291833403,-0.004130514858366685,protective_stop,26.559284162176287,9.0,bullish
2025-03-25,PLTR,buy,5.142974631988838,500.0,97.22000122070312,84.5734,momentum_entry,6.784080095999802,,,,,,,
2025-03-26,PLTR,sell,5.142974631988838,475.0,97.22000122070312,84.5734,momentum_entry,6.784080095999802,92.35900115966797,-25.0,-0.050000000000000044,protective_stop,6.51734456945722,1.0,bullish
2025-07-03,CAT,buy,1.2533840949811774,500.0,398.9200134277344,61.3967,momentum_entry,7.1873185813819385,,,,,,,
2025-07-07,CAT,sell,1.2533840949811774,486.8038585421465,398.9200134277344,61.3967,momentum_entry,7.1873185813819385,388.391603572612,-13.196141457853487,-0.026392282915706944,protective_stop,7.229729997506938,4.0,bullish
2025-07-09,CVX,buy,3.269255865165544,500.0,152.94000244140625,46.968,momentum_entry,2.9993593954890407,,,,,,,
2025-07-10,BA,buy,2.206044621507292,500.0,226.64999389648438,50.6693,momentum_entry,6.033727490153518,,,,,,,
2025-07-10,NVDA,buy,3.0428430970883125,500.0,164.32000732421875,49.1942,momentum_entry,3.800194149041214,,,,,,,
2025-07-11,CAT,buy,1.2331976444600268,500.0,405.45001220703125,51.8725,momentum_entry,7.391522913569695,,,,,,,
2025-07-14,AMZN,buy,2.221531006926827,500.0,225.07000732421875,14.1378,momentum_entry,4.586287855567034,,,,,,,
2025-07-15,CVX,sell,3.269255865165544,493.54109369112876,152.94000244140625,46.968,momentum_entry,2.9993593954890407,150.9643521481111,-6.458906308871231,-0.012917812617742497,protective_stop,2.9217312496478614,6.0,bullish
2025-07-15,PLTR,buy,3.35728210964526,500.0,148.92999267578125,51.5544,momentum_entry,6.101226386547165,,,,,,,
2025-07-17,AMZN,sell,2.221531006926827,496.112320737878,225.07000732421875,14.1378,momentum_entry,4.586287855567034,223.32000732421875,-3.8876792621219467,-0.007775358524243936,macd_momentum_fade,4.0783508676271625,3.0,bullish
2025-07-17,AMD,buy,3.0900439252459835,500.0,161.80999755859375,79.0234,momentum_entry,5.753645566431708,,,,,,,
2025-07-22,NVDA,sell,3.0428430970883125,509.17871381001993,164.32000732421875,49.1942,momentum_entry,3.800194149041214,167.33649996519753,9.178713810019982,0.01835742762004,protective_stop,3.992404609062991,12.0,bullish
2025-07-22,PLTR,sell,3.35728210964526,489.81601743107404,148.92999267578125,51.5544,momentum_entry,6.101226386547165,145.8965917769804,-10.183982568925991,-0.020367965137851995,protective_stop,5.490779692840268,7.0,bullish
2025-07-22,AMD,sell,3.0900439252459835,475.03577481930915,161.80999755859375,79.0234,momentum_entry,5.753645566431708,153.7310751275142,-24.964225180690867,-0.049928450361381715,protective_stop,5.548380814152286,5.0,bullish
2025-07-22,GOOGL,buy,2.6109660574412534,500.0,191.5,51.0253,momentum_entry,4.2188307015536886,,,,,,,
2025-07-22,ARM,buy,3.1055900621118013,500.0,161.0,47.1271,momentum_entry,5.974310353901515,,,,,,,
2025-07-25,CVX,buy,3.208624745715412,500.0,155.8300018310547,27.6593,momentum_entry,3.274378987253538,,,,,,,
2025-07-29,BA,sell,2.206044621507292,504.0124598877715,226.64999389648438,50.6693,momentum_entry,6.033727490153518,228.46884191463099,4.012459887771528,0.008024919775543093,protective_stop,6.160957839003543,19.0,bullish
2025-07-29,SMCI,buy,8.371002910295346,500.0,59.72999954223633,97.9737,momentum_entry,2.667715860630352,,,,,,,
2025-07-31,ARM,sell,3.1055900621118013,460.7143046693032,161.0,47.1271,momentum_entry,5.974310353901515,148.35000610351562,-39.28569533069682,-0.07857139066139363,protective_stop,6.945264262885979,9.0,bullish
2025-07-31,CVX,sell,3.208624745715412,487.7109613487426,155.8300018310547,27.6593,momentum_entry,3.274378987253538,152.0,-12.289038651257409,-0.024578077302514822,protective_stop,3.072130503245416,6.0,bullish
2025-07-31,AMD,buy,2.7469508200404347,500.0,182.02000427246094,78.1027,momentum_entry,5.925091385715324,,,,,,,
2025-07-31,AVGO,buy,1.6512550203332947,500.0,302.79998779296875,51.7631,momentum_entry,7.620810941114264,,,,,,,
2025-07-31,AMD,sell,2.7469508200404347,475.58609803879216,182.02000427246094,78.1027,momentum_entry,5.925091385715324,173.13236719388794,-24.413901961207856,-0.0488278039224157,protective_stop,6.180442001021372,0.0,bullish
2025-07-31,AVGO,sell,1.6512550203332947,481.1241465117112,302.79998779296875,51.7631,momentum_entry,7.620810941114264,291.36877138129734,-18.875853488288772,-0.03775170697657759,protective_stop,8.27075310394204,0.0,bullish
2025-08-01,CAT,sell,1.2331976444600268,525.9921371727136,405.45001220703125,51.8725,momentum_entry,7.391522913569695,426.52703687495836,25.992137172713583,0.05198427434542707,protective_stop,8.309683262209548,21.0,bullish
2025-08-01,GOOGL,sell,2.6109660574412534,493.55091065090573,191.5,51.0253,momentum_entry,4.2188307015536886,189.02999877929688,-6.449089349094321,-0.012898178698188656,protective_stop,4.19964718164239,10.0,bullish
2025-08-01,SMCI,sell,8.371002910295346,474.99999999999994,59.72999954223633,97.9737,momentum_entry,2.667715860630352,56.74349956512451,-25.00000000000002,-0.050000000000000044,protective_stop,2.9358429039204417,3.0,bullish
2025-08-01,META,buy,0.6572634349074921,500.0,760.72998046875,67.3072,momentum_entry,19.72381113217298,,,,,,,
2025-08-01,MSFT,buy,0.9345794392523364,500.0,535.0,49.0459,momentum_entry,9.009880121480997,,,,,,,
2025-08-01,MSFT,sell,0.9345794392523364,487.3693269325033,535.0,49.0459,momentum_entry,9.009880121480997,521.4851798177785,-12.630673067496687,-0.025261346134993423,protective_stop,9.433460287189943,0.0,bullish
2025-08-04,WMT,buy,5.091649852734035,500.0,98.19999694824219,14.4293,momentum_entry,1.3825152070350888,,,,,,,
2025-08-05,MSFT,buy,0.9307867136104946,500.0,537.1799926757812,37.6253,momentum_entry,9.769642741564768,,,,,,,
2025-08-06,PLTR,buy,2.92098724162906,500.0,171.1750030517578,88.8044,momentum_entry,6.254125112886217,,,,,,,
2025-08-07,MSFT,sell,0.9307867136104946,486.54232464201385,537.1799926757812,37.6253,momentum_entry,9.769642741564768,522.7216047753092,-13.457675357986142,-0.026915350715972286,protective_stop,9.703290538089858,2.0,bullish
2025-08-07,SHOP,buy,3.2370838939961715,500.0,154.4600067138672,105.0,momentum_entry,6.383358870570883,,,,,,,
2025-08-08,AAPL,buy,2.264185101001464,500.0,220.8300018310547,39.3651,momentum_entry,4.954898862863667,,,,,,,
2025-08-13,WMT,sell,5.091649852734035,517.2625844214652,98.19999694824219,14.4293,momentum_entry,1.3825152070350888,101.5903684232555,17.262584421465196,0.03452516884293044,protective_stop,1.6462009939835784,9.0,bullish
2025-08-13,MU,buy,3.9191095220559347,500.0,127.58000183105469,70.3827,momentum_entry,4.620152847587882,,,,,,,
2025-08-14,SHOP,sell,3.2370838939961715,474.99999999999994,154.4600067138672,105.0,momentum_entry,6.383358870570883,146.73700637817382,-25.000000000000036,-0.050000000000000044,protective_stop,6.014016331121408,7.0,bullish
2025-08-14,HD,buy,1.2462611784318316,500.0,401.20001220703125,67.4947,momentum_entry,7.182974383456729,,,,,,,
2025-08-15,PLTR,sell,2.92098724162906,518.3052619909887,171.1750030517578,88.8044,momentum_entry,6.254125112886217,177.44180960609924,18.305261990988683,0.036610523981977394,protective_stop,6.483261149088359,9.0,bullish
2025-08-15,MU,sell,3.9191095220559347,475.0,127.58000183105469,70.3827,momentum_entry,4.620152847587882,121.20100173950195,-25.00000000000002,-0.050000000000000044,protective_stop,4.7282092310284565,2.0,bullish
2025-08-18,META,sell,0.6572634349074921,500.9733146659881,760.72998046875,67.3072,momentum_entry,19.72381113217298,762.2108397624442,0.9733146659881011,0.0019466293319763128,protective_stop,19.250669402545718,17.0,bullish
2025-08-18,CVX,buy,3.2024593887336916,500.0,156.1300048828125,12.0423,momentum_entry,2.8566808814396376,,,,,,,
2025-08-19,CVX,sell,3.2024593887336916,491.44943929595934,156.1300048828125,12.0423,momentum_entry,2.8566808814396376,153.4600067138672,-8.55056070404068,-0.0171011214080814,macd_momentum_fade,2.8304037026836437,1.0,bullish
2025-08-20,AAPL,sell,2.264185101001464,511.5731831200376,220.8300018310547,39.3651,momentum_entry,4.954898862863667,225.94141393023273,11.573183120037534,0.023146366240075045,protective_stop,4.916030125708798,12.0,bullish
2025-08-25,TSLA,buy,1.475361490129513,500.0,338.8999938964844,34.5489,momentum_entry,12.779428964654723,,,,,,,
2025-08-25,CVX,buy,3.1665612370307534,500.0,157.89999389648438,12.7644,momentum_entry,2.805115449637301,,,,,,,
2025-08-29,TSLA,sell,1.475361490129513,492.0348836655234,338.8999938964844,34.5489,momentum_entry,12.779428964654723,333.50123814220655,-7.96511633447662,-0.015930232668953215,protective_stop,12.543290266801877,4.0,bullish
2025-08-29,GOOGL,buy,2.3751841387453143,500.0,210.50999450683594,39.104,momentum_entry,4.396489148416662,,,,,,,
2025-09-02,HD,sell,1.2462611784318316,503.0907033814723,401.20001220703125,67.4947,momentum_entry,7.182974383456729,403.67999267578125,3.0907033814723013,0.006181406762944652,macd_momentum_fade,7.302723881947914,19.0,bullish
2025-09-02,GOOGL,sell,2.3751841387453143,490.023139861495,210.50999450683594,39.104,momentum_entry,4.396489148416662,206.30953696093164,-9.97686013850496,-0.019953720277009923,protective_stop,4.56528938981482,4.0,bullish
2025-09-02,SNOW,buy,2.1367521367521367,500.0,234.0,94.8099,momentum_entry,9.346839048421018,,,,,,,
2025-09-03,CVX,sell,3.1665612370307534,500.1178993894353,157.89999389648438,12.7644,momentum_entry,2.805115449637301,157.93722652222885,0.11789938943534278,0.00023579877887058842,protective_stop,2.7548134172056034,9.0,bullish
2025-09-03,BA,buy,2.1091706958126317,500.0,237.05999755859375,28.5332,momentum_entry,5.485132888876437,,,,,,,
2025-09-04,SNOW,sell,2.1367521367521367,474.99999999999994,234.0,94.8099,momentum_entry,9.346839048421018,222.29999999999998,-25.000000000000036,-0.050000000000000044,protective_stop,9.709628231384853,2.0,bullish
2025-09-04,GOOGL,buy,2.177226271668777,500.0,229.64999389648438,92.2123,momentum_entry,5.664910965905057,,,,,,,
2025-09-04,AAPL,buy,2.0968756821101144,500.0,238.4499969482422,45.3053,momentum_entry,4.678610556897774,,,,,,,
2025-09-05,BA,sell,2.1091706958126317,488.90577372604616,237.05999755859375,28.5332,momentum_entry,5.485132888876437,231.8000030517578,-11.094226273953774,-0.022188452547907578,ema20_momentum_fade,5.538147872418092,2.0,bullish
2025-09-05,MU,buy,3.9132817808298275,500.0,127.7699966430664,48.4695,momentum_entry,4.244536549759192,,,,,,,
2025-09-05,AMZN,buy,2.1259407067040055,500.0,235.19000244140625,33.1796,momentum_entry,4.994556951685573,,,,,,,
2025-09-08,AVGO,buy,1.4587892049598834,500.0,342.75,80.9521,momentum_entry,12.213827579661798,,,,,,,
2025-09-10,AAPL,sell,2.0968756821101144,486.87356974847285,238.4499969482422,45.3053,momentum_entry,4.678610556897774,232.19000244140625,-13.126430251527175,-0.02625286050305431,protective_stop,4.753734047070265,6.0,bullish
2025-09-10,AMZN,sell,2.1259407067040055,490.9591788867726,235.19000244140625,33.1796,momentum_entry,4.994556951685573,230.9373809620217,-9.04082111322741,-0.018081642226454808,protective_stop,5.17352942806301,5.0,bullish
2025-09-10,UNH,buy,1.4469267378531543,500.0,345.55999755859375,100.8282,momentum_entry,10.912267056415601,,,,,,,
2025-09-12,TSLA,buy,1.347926879573955,500.0,370.94000244140625,62.9931,momentum_entry,12.663850814062354,,,,,,,
2025-09-17,AVGO,sell,1.4587892049598834,509.8315306203121,342.75,80.9521,momentum_entry,12.213827579661798,349.4895142402239,9.831530620312053,0.019663061240624113,protective_stop,13.752210004377762,9.0,bullish
2025-09-17,XOM,buy,4.365668430360474,500.0,114.52999877929688,28.8223,momentum_entry,1.964658152080283,,,,,,,
2025-09-18,UNH,sell,1.4469267378531543,489.0297541405028,345.55999755859375,100.8282,momentum_entry,10.912267056415601,337.9782412937437,-10.97024585949723,-0.02194049171899448,protective_stop,10.448936623311221,8.0,bullish
2025-09-18,CAT,buy,1.10874580777485,500.0,450.9599914550781,52.6788,momentum_entry,8.644525293088133,,,,,,,
2025-09-19,MU,sell,3.9132817808298275,627.3748784112157,127.7699966430664,48.4695,momentum_entry,4.244536549759192,160.31937221709046,127.37487841121575,0.2547497568224315,protective_stop,5.984911666833698,14.0,bullish
2025-09-19,PLTR,buy,2.8237419061291953,500.0,177.07000732421875,69.5542,momentum_entry,7.040861197034663,,,,,,,
2025-09-22,XOM,sell,4.365668430360474,490.91940167107254,114.52999877929688,28.8223,momentum_entry,1.964658152080283,112.44999694824219,-9.08059832892743,-0.018161196657854872,protective_stop,1.8419861212399706,5.0,bullish
2025-09-22,CRWD,buy,4.032258064516129,500.0,124.0,89.7893,momentum_entry,4.149057739065677,,,,,,,
2025-09-24,GOOGL,sell,2.177226271668777,537.0369693991997,229.64999389648438,92.2123,momentum_entry,5.664910965905057,246.66107348942532,37.03696939919963,0.0740739387983993,protective_stop,5.411003142846449,20.0,bullish
2025-09-25,TSLA,sell,1.347926879573955,565.3807449422209,370.94000244140625,62.9931,momentum_entry,12.663850814062354,419.44466981838303,65.38074494222093,0.1307614898844418,protective_stop,16.145449352570928,13.0,bullish
2025-09-25,CRWD,sell,4.032258064516129,475.64890797265116,124.0,89.7893,momentum_entry,4.149057739065677,117.9609291772175,-24.351092027348813,-0.04870218405469762,protective_stop,3.9625793389779,3.0,bullish
2025-09-29,XOM,buy,4.308116582094286,500.0,116.05999755859375,23.3325,momentum_entry,1.9337427514373116,,,,,,,
2025-09-30,XOM,sell,4.308116582094286,487.5038161805425,116.05999755859375,23.3325,momentum_entry,1.9337427514373116,113.15938343143779,-12.49618381945754,-0.024992367638915103,protective_stop,2.0656762631424157,1.0,bullish
2025-09-30,NVDA,buy,2.7460456665852386,500.0,182.0800018310547,16.0952,momentum_entry,5.392704801343078,,,,,,,
2025-10-02,SMCI,buy,9.532888326539245,500.0,52.45000076293945,98.1744,momentum_entry,2.2327435675346448,,,,,,,
2025-10-02,MU,buy,2.7032870991051547,500.0,184.9600067138672,84.9155,momentum_entry,6.804750390156161,,,,,,,
2025-10-03,PLTR,sell,2.8237419061291953,500.0182576606045,177.07000732421875,69.5542,momentum_entry,7.040861197034663,177.07647309241267,0.018257660604487858,3.651532120896306e-05,protective_stop,7.336947030496769,14.0,bullish
2025-10-03,LLY,buy,0.6061046846076712,500.0,824.9400024414062,68.6804,momentum_entry,22.68743308278508,,,,,,,
2025-10-10,NVDA,sell,2.7460456665852386,507.4757641633985,182.0800018310547,16.0952,momentum_entry,5.392704801343078,184.80237613617493,7.475764163398437,0.014951528326796915,protective_stop,5.777818740129241,10.0,bullish
2025-10-10,SMCI,sell,9.532888326539245,523.2854722138611,52.45000076293945,98.1744,momentum_entry,2.2327435675346448,54.8926468337043,23.28547221386114,0.04657094442772225,protective_stop,2.769551931023457,8.0,bullish
2025-10-10,MU,sell,2.7032870991051547,499.7211077232542,184.9600067138672,84.9155,momentum_entry,6.804750390156161,184.8568388791085,-0.2788922767457879,-0.000557784553491536,protective_stop,8.220286192280858,8.0,bullish
2025-10-10,AMD,buy,2.148043093279073,500.0,232.77000427246094,90.8942,momentum_entry,11.176143618269919,,,,,,,
2025-10-10,ARM,buy,2.930832251533526,500.0,170.60000610351562,84.1034,momentum_entry,6.247445230456653,,,,,,,
2025-10-10,AMD,sell,2.148043093279073,475.0,232.77000427246094,90.8942,momentum_entry,11.176143618269919,221.1315040588379,-25.0,-0.050000000000000044,protective_stop,11.879276522140705,0.0,bullish
2025-10-10,ARM,sell,2.930832251533526,475.0,170.60000610351562,84.1034,momentum_entry,6.247445230456653,162.07000579833985,-24.999999999999982,-0.04999999999999993,protective_stop,7.113341650937428,0.0,bullish
2025-10-13,LLY,sell,0.6061046846076712,499.35379276239155,824.9400024414062,68.6804,momentum_entry,22.68743308278508,823.8738380410655,-0.6462072376084677,-0.0012924144752168854,protective_stop,21.64801945971966,10.0,bullish
2025-10-14,ARM,buy,2.9138377950585337,500.0,171.59500122070312,88.445,momentum_entry,8.04738885025663,,,,,,,
2025-10-15,WMT,buy,4.658963859688809,500.0,107.31999969482422,39.4495,momentum_entry,2.0206760330484492,,,,,,,
2025-10-16,WMT,sell,4.658963859688809,493.6810495890115,107.31999969482422,39.4495,momentum_entry,2.0206760330484492,105.96370018246641,-6.318950410988581,-0.012637900821977133,protective_stop,2.1781847148673292,1.0,bullish
2025-10-16,AMD,buy,2.1160439045530395,500.0,236.2899932861328,74.6891,momentum_entry,12.196335310102212,,,,,,,
2025-10-16,AVGO,buy,1.4013453394233923,500.0,356.79998779296875,13.5547,momentum_entry,14.257893840701295,,,,,,,
2025-10-17,MU,buy,2.5090325324306697,500.0,199.27999877929688,59.4206,momentum_entry,8.60249529210722,,,,,,,
2025-10-22,AVGO,sell,1.4013453394233923,486.6872192754778,356.79998779296875,13.5547,momentum_entry,14.257893840701295,347.29998779296875,-13.312780724522227,-0.026625561449044488,macd_momentum_fade,13.419015184194851,6.0,bullish
2025-10-22,CAT,sell,1.10874580777485,578.2524455275823,450.9599914550781,52.6788,momentum_entry,8.644525293088133,521.537435787993,78.2524455275822,0.1565048910551643,protective_stop,13.137076900355154,34.0,bullish
2025-10-22,ARM,sell,2.9138377950585337,475.0,171.59500122070312,88.445,momentum_entry,8.04738885025663,163.01525115966797,-25.0,-0.050000000000000044,protective_stop,8.160848197123084,8.0,bullish
2025-10-22,MU,sell,2.5090325324306697,486.3714745490757,199.27999877929688,59.4206,momentum_entry,8.60249529210722,193.84821370884924,-13.628525450924323,-0.0272570509018486,protective_stop,8.9406328204194,5.0,bullish
2025-10-22,NFLX,buy,4.374835908607211,500.0,114.29000091552734,29.0601,momentum_entry,2.776262906453035,,,,,,,
2025-10-23,NFLX,sell,4.374835908607211,493.0002692216983,114.29000091552734,29.0601,momentum_entry,2.776262906453035,112.69000244140625,-6.999730778301706,-0.013999461556603365,ema20_momentum_fade,3.4490838363417593,1.0,bullish
2025-10-27,MU,buy,2.224100375561285,500.0,224.80999755859375,66.146,momentum_entry,9.560749973819656,,,,,,,
2025-10-27,SNOW,buy,1.9000570457800794,500.0,263.1499938964844,55.4638,momentum_entry,8.780731011010475,,,,,,,
2025-10-28,SHOP,buy,2.883090622467958,500.0,173.4250030517578,67.9544,momentum_entry,6.214052684366213,,,,,,,
2025-10-28,ARM,buy,2.8088310512295367,500.0,178.00999450683594,55.7434,momentum_entry,8.267617202515831,,,,,,,
2025-10-30,ARM,sell,2.8088310512295367,473.6250781433291,178.00999450683594,55.7434,momentum_entry,8.267617202515831,168.6199951171875,-26.37492185667093,-0.052749843713341904,macd_momentum_fade,7.886977251247585,2.0,bullish
2025-10-30,CAT,buy,0.8652165417742642,500.0,577.8900146484375,86.6278,momentum_entry,16.17009051259845,,,,,,,
2025-11-04,AMD,sell,2.1160439045530395,524.9068645659352,236.2899932861328,74.6891,momentum_entry,12.196335310102212,248.06047900825973,24.90686456593525,0.04981372913187054,protective_stop,10.94731381392051,19.0,bullish
2025-11-04,MU,sell,2.224100375561285,489.6625125704191,224.80999755859375,66.146,momentum_entry,9.560749973819656,220.1620565109816,-10.337487429580865,-0.0206749748591617,protective_stop,10.235391917239244,8.0,bullish
2025-11-04,SNOW,sell,1.9000570457800794,501.45368808278965,263.1499938964844,55.4638,momentum_entry,8.780731011010475,263.91506991671133,1.4536880827896115,0.002907376165579123,protective_stop,9.22472978370251,8.0,bullish
2025-11-04,SHOP,sell,2.883090622467958,470.13117939153307,173.4250030517578,67.9544,momentum_entry,6.214052684366213,163.06500244140625,-29.868820608466912,-0.05973764121693381,protective_stop,7.040854559430284,7.0,bullish
2025-11-04,CAT,sell,0.8652165417742642,483.857926027372,577.8900146484375,86.6278,momentum_entry,16.17009051259845,559.2333279194412,-16.142073972627994,-0.032284147945256025,protective_stop,16.619146495368245,5.0,bullish
2025-11-04,AMZN,buy,1.9969645748430243,500.0,250.3800048828125,92.698,momentum_entry,7.390931229662514,,,,,,,
2025-11-04,PLTR,buy,2.603217477656405,500.0,192.07000732421875,85.9144,momentum_entry,7.590116415454064,,,,,,,
2025-11-05,PLTR,sell,2.603217477656405,474.99999999999994,192.07000732421875,85.9144,momentum_entry,7.590116415454064,182.4665069580078,-25.0,-0.050000000000000044,protective_stop,8.659232620639443,1.0,bullish
2025-11-05,LLY,buy,0.5488474204171241,500.0,911.0,70.8337,momentum_entry,24.264157595502297,,,,,,,
2025-11-06,MU,buy,2.102253648245387,500.0,237.83999633789062,58.6548,momentum_entry,11.065007216258987,,,,,,,
2025-11-07,AMZN,sell,1.9969645748430243,478.21611082646234,250.3800048828125,92.698,momentum_entry,7.390931229662514,239.4715043275385,-21.78388917353764,-0.04356777834707526,protective_stop,7.272930208270218,3.0,bullish
2025-11-10,XOM,buy,4.257493099503829,500.0,117.44000244140625,23.7406,momentum_entry,1.91194469911006,,,,,,,
2025-11-13,MU,sell,2.102253648245387,494.93456068686623,237.83999633789062,58.6548,momentum_entry,11.065007216258987,235.43046820251953,-5.065439313133779,-0.010130878626267603,protective_stop,12.443521311758746,7.0,bullish
2025-11-13,JPM,buy,1.5662687804794575,500.0,319.2300109863281,28.726,momentum_entry,6.159306413888701,,,,,,,
2025-11-13,JPM,sell,1.5662687804794575,485.52930598177886,319.2300109863281,28.726,momentum_entry,6.159306413888701,309.9910513654951,-14.470694018221122,-0.028941388036442195,protective_stop,6.542927297132143,0.0,bullish
2025-11-14,XOM,sell,4.257493099503829,497.1829435348984,117.44000244140625,23.7406,momentum_entry,1.91194469911006,116.77833220512804,-2.8170564651015564,-0.005634112930203106,protective_stop,2.059603095544344,4.0,bullish
2025-11-14,CVX,buy,3.2004097399579186,500.0,156.22999572753906,8.2521,momentum_entry,2.8257746984799206,,,,,,,
2025-11-18,CVX,sell,3.2004097399579186,488.0624853435826,156.22999572753906,8.2521,momentum_entry,2.8257746984799206,152.5,-11.937514656417438,-0.023875029312834917,ema20_momentum_fade,2.9032612486144607,4.0,bullish
2025-11-21,WMT,buy,4.6304869832910045,500.0,107.9800033569336,42.001,momentum_entry,2.207007970800825,,,,,,,
2025-11-24,WMT,sell,4.6304869832910045,484.6707174787809,107.9800033569336,42.001,momentum_entry,2.207007970800825,104.66949140073235,-15.329282521219078,-0.030658565042438135,protective_stop,2.3097667047363664,3.0,bullish
2025-11-24,GOOGL,buy,1.607045261315525,500.0,311.1300048828125,58.0154,momentum_entry,10.347002302699616,,,,,,,
2025-11-25,AVGO,buy,1.298937493865644,500.0,384.92999267578125,64.736,momentum_entry,17.374863610545017,,,,,,,
2025-12-01,LLY,sell,0.5488474204171241,585.9124217621567,911.0,70.8337,momentum_entry,24.264157595502297,1067.5324324506494,85.91242176215663,0.17182484352431326,protective_stop,28.89011905532667,26.0,bullish
2025-12-02,AAPL,buy,1.7667844522968197,500.0,283.0,30.6899,momentum_entry,5.575113550312901,,,,,,,
2025-12-03,AVGO,sell,1.298937493865644,491.58625699780407,384.92999267578125,64.736,momentum_entry,17.374863610545017,378.4525886113589,-8.413743002195877,-0.016827486004391767,protective_stop,16.00339180062269,8.0,bullish
2025-12-04,WMT,buy,4.400633584873252,500.0,113.62000274658203,68.0469,momentum_entry,2.2814322548086308,,,,,,,
2025-12-04,CAT,buy,0.8471991700922974,500.0,590.1799926757812,38.0298,momentum_entry,16.88514042210561,,,,,,,
2025-12-05,JPM,buy,1.5840830591675907,500.0,315.6400146484375,20.5946,momentum_entry,6.49796145045849,,,,,,,
2025-12-08,AAPL,sell,1.7667844522968197,491.39576834419165,283.0,30.6899,momentum_entry,5.575113550312901,278.1300048828125,-8.604231655808304,-0.01720846331161663,protective_stop,5.240940215478958,6.0,bullish
2025-12-09,GOOGL,sell,1.607045261315525,501.9927204302299,311.1300048828125,58.0154,momentum_entry,10.347002302699616,312.3699951171875,1.992720430229871,0.003985440860459821,macd_momentum_fade,9.182387649924227,15.0,bullish
2025-12-09,JPM,sell,1.5840830591675907,485.5585493347957,315.6400146484375,20.5946,momentum_entry,6.49796145045849,306.52341524941795,-14.441450665204306,-0.028882901330408606,protective_stop,6.985037636009488,4.0,bullish
2025-12-09,AVGO,buy,1.2539184952978057,500.0,398.75,59.2437,momentum_entry,15.313446813673469,,,,,,,
2025-12-12,CAT,sell,0.8471991700922974,509.129962290539,590.1799926757812,38.0298,momentum_entry,16.88514042210561,600.9566348313022,9.129962290538977,0.018259924581077946,protective_stop,17.52731013419393,8.0,bullish
2025-12-12,AVGO,sell,1.2539184952978057,476.4388607587187,398.75,59.2437,momentum_entry,15.313446813673469,379.9599914550781,-23.56113924128135,-0.047122278482562674,protective_stop,17.869232826331817,3.0,bullish
2025-12-15,TSLA,buy,1.0650988356332247,500.0,469.44000244140625,52.2025,momentum_entry,16.99952379890377,,,,,,,
2025-12-16,JPM,buy,1.5669560491972936,500.0,319.0899963378906,27.0814,momentum_entry,7.024815879391444,,,,,,,
2025-12-19,SHOP,buy,2.9932951394671097,500.0,167.0399932861328,44.3577,momentum_entry,7.578569925585429,,,,,,,
2025-12-22,WMT,sell,4.400633584873252,501.716244412167,113.62000274658203,68.0469,momentum_entry,2.2814322548086308,114.01000213623047,1.7162444121669838,0.0034324888243340013,macd_momentum_fade,2.1623014398456997,18.0,bullish
2025-12-22,MU,buy,1.8040772542349404,500.0,277.1499938964844,77.4524,momentum_entry,15.717007318575316,,,,,,,
2025-12-22,PLTR,buy,2.563576790461003,500.0,195.0399932861328,72.9181,momentum_entry,8.313212552127846,,,,,,,
2025-12-29,TSLA,sell,1.0650988356332247,493.5777951655938,469.44000244140625,52.2025,momentum_entry,16.99952379890377,463.41032273512053,-6.422204834406204,-0.012844409668812395,protective_stop,17.54242245629072,14.0,bullish
2025-12-29,PLTR,sell,2.563576790461003,474.99999999999994,195.0399932861328,72.9181,momentum_entry,8.313212552127846,185.28799362182616,-25.00000000000003,-0.050000000000000044,protective_stop,7.3084986534094005,7.0,bullish
2025-12-30,JPM,sell,1.5669560491972936,506.7849464720583,319.0899963378906,27.0814,momentum_entry,7.024815879391444,323.4200134277344,6.7849464720583255,0.01356989294411659,end_of_backtest,5.761879616039543,14.0,bullish
2025-12-30,SHOP,sell,2.9932951394671097,490.1221625790058,167.0399932861328,44.3577,momentum_entry,7.578569925585429,163.74000549316406,-9.877837420994155,-0.019755674841988258,end_of_backtest,5.9089920532039,11.0,bullish
2025-12-30,MU,sell,1.8040772542349404,527.9271357157415,277.1499938964844,77.4524,momentum_entry,15.717007318575316,292.6300048828125,27.927135715741553,0.05585427143148314,end_of_backtest,14.028201525316332,8.0,bullish
